sujeto,n_features_totales,n_features_seleccionadas,porcentaje_seleccion,fitness_ag,acc_calibracion,tpr_calibracion,acc_terapia,tpr_terapia
1,40,7,17.5,81.41666666666669,86.67,86.67,66.67,73.17
2,40,8,20.0,82.33333333333334,88.33,96.67,61.67,83.33
3,40,7,17.5,68.08333333333331,71.67,80.0,50.0,14.29
4,40,8,20.0,62.33333333333333,71.67,73.33,56.67,26.09
5,40,7,17.5,66.41666666666667,66.67,63.33,51.67,60.0
6,40,10,25.0,82.5,91.67,93.33,61.67,75.0
7,40,9,22.5,78.25,81.67,80.0,43.33,48.48
8,40,8,20.0,60.66666666666666,61.67,83.33,48.33,78.79
