sujeto,n_features_totales,n_features_seleccionadas,porcentaje_seleccion,fitness_ag,acc_calibracion,tpr_calibracion,acc_terapia,tpr_terapia
1,80,8,10.0,73.33333333333334,83.33,86.67,63.33,60.98
2,80,5,6.25,78.75,83.33,90.0,63.33,72.22
3,80,10,12.5,72.5,85.0,90.0,51.67,96.43
4,80,8,10.0,66.66666666666667,76.67,83.33,43.33,8.7
5,80,9,11.25,62.08333333333334,73.33,80.0,50.0,71.43
6,80,11,13.750000000000002,84.58333333333331,98.33,96.67,71.67,84.38
7,80,7,8.75,76.25,81.67,83.33,53.33,69.7
8,80,6,7.5,55.83333333333333,66.67,90.0,50.0,78.79
