sujeto,n_features_totales,n_features_seleccionadas,porcentaje_seleccion,fitness_ag,acc_calibracion,tpr_calibracion,acc_terapia,tpr_terapia
1,80,11,13.750000000000002,67.91666666666667,81.67,90.0,60.0,73.17
2,80,4,5.0,76.66666666666667,80.0,96.67,65.0,75.0
3,80,10,12.5,69.16666666666667,83.33,86.67,53.33,82.14
4,80,10,12.5,67.5,81.67,83.33,50.0,8.7
5,80,13,16.25,58.75,75.0,83.33,56.67,80.0
6,80,13,16.25,75.41666666666666,93.33,93.33,50.0,87.5
7,80,5,6.25,73.75,80.0,83.33,51.67,60.61
8,80,10,12.5,59.16666666666666,70.0,93.33,55.0,87.88
