sujeto,n_features_totales,n_features_seleccionadas,porcentaje_seleccion,fitness_ag,acc_calibracion,tpr_calibracion,acc_terapia,tpr_terapia
1,40,5,12.5,75.83333333333331,88.33,90.0,65.0,65.85
2,40,2,5.0,85.0,86.67,93.33,61.67,88.89
3,40,3,7.5,69.16666666666667,71.67,70.0,53.33,42.86
4,40,2,5.0,65.0,71.67,80.0,51.67,39.13
5,40,4,10.0,56.66666666666667,66.67,63.33,50.0,60.0
6,40,5,12.5,72.5,83.33,83.33,58.33,68.75
7,40,3,7.5,69.16666666666666,71.67,80.0,53.33,54.55
8,40,2,5.0,55.0,58.33,73.33,46.67,75.76
