sujeto,n_features_totales,n_features_seleccionadas,porcentaje_seleccion,fitness_ag,acc_calibracion,tpr_calibracion,acc_terapia,tpr_terapia
1,80,17,21.25,85.29166666666666,91.67,100.0,60.0,73.17
2,80,11,13.750000000000002,82.54166666666669,80.0,90.0,63.33,72.22
3,80,15,18.75,82.70833333333331,86.67,86.67,55.0,10.71
4,80,12,15.0,68.83333333333334,73.33,76.67,65.0,39.13
5,80,18,22.5,71.58333333333333,78.33,76.67,55.0,54.29
6,80,10,12.5,89.58333333333333,93.33,96.67,55.0,75.0
7,80,18,22.5,81.58333333333334,90.0,90.0,45.0,60.61
8,80,19,23.75,64.54166666666667,60.0,90.0,51.67,81.82
