sujeto,n_features_totales,n_features_seleccionadas,porcentaje_seleccion,fitness_ag,acc_calibracion,tpr_calibracion,acc_terapia,tpr_terapia
1,80,10,12.5,77.5,88.33,93.33,60.0,60.98
2,80,5,6.25,80.41666666666669,83.33,90.0,61.67,77.78
3,80,9,11.25,75.41666666666666,85.0,86.67,58.33,17.86
4,80,7,8.75,61.25,73.33,83.33,66.67,47.83
5,80,9,11.25,63.75,73.33,73.33,53.33,60.0
6,80,8,10.0,83.33333333333333,91.67,96.67,58.33,87.5
7,80,14,17.5,72.5,85.0,90.0,58.33,78.79
8,80,4,5.0,58.33333333333333,60.0,80.0,51.67,84.85
