sujeto,n_features_totales,n_features_seleccionadas,porcentaje_seleccion,fitness_ag,acc_calibracion,tpr_calibracion,acc_terapia,tpr_terapia
1,20,1,5.0,71.66666666666667,76.67,80.0,61.67,70.73
2,20,1,5.0,80.0,85.0,93.33,60.0,86.11
3,20,2,10.0,56.66666666666667,61.67,73.33,50.0,14.29
4,20,2,10.0,51.66666666666667,61.67,70.0,63.33,21.74
5,20,1,5.0,55.0,58.33,46.67,45.0,45.71
6,20,3,15.0,66.66666666666667,83.33,86.67,61.67,93.75
7,20,1,5.0,60.0,65.0,80.0,46.67,66.67
8,20,1,5.0,50.00000000000001,58.33,73.33,45.0,72.73
