sujeto,n_features_totales,n_features_seleccionadas,porcentaje_seleccion,fitness_ag,acc_calibracion,tpr_calibracion,acc_terapia,tpr_terapia
1,40,4,10.0,68.33333333333334,78.33,80.0,66.67,65.85
2,40,2,5.0,78.33333333333334,81.67,93.33,63.33,91.67
3,40,2,5.0,63.33333333333333,68.33,83.33,50.0,14.29
4,40,2,5.0,66.66666666666667,70.0,66.67,55.0,0.0
5,40,4,10.0,65.0,68.33,66.67,55.0,77.14
6,40,5,12.5,77.5,90.0,86.67,58.33,90.62
7,40,3,7.5,69.16666666666667,75.0,80.0,60.0,69.7
8,40,1,2.5,57.5,61.67,80.0,46.67,72.73
